panel,order,rsid,input_allele,column_name
hirisplexs,1,rs312262906,A,rs312262906_A
hirisplexs,2,rs11547464,A,rs11547464_A
hirisplexs,3,rs885479,T,rs885479_T
hirisplexs,4,rs1805008,T,rs1805008_T
hirisplexs,5,rs1805005,T,rs1805005_T
hirisplexs,6,rs1805006,A,rs1805006_A
hirisplexs,7,rs1805007,T,rs1805007_T
hirisplexs,8,rs1805009,C,rs1805009_C
hirisplexs,9,rs201326893,A,rs201326893_A
hirisplexs,10,rs2228479,A,rs2228479_A
hirisplexs,11,rs1110400,C,rs1110400_C
hirisplexs,12,rs28777,C,rs28777_C
hirisplexs,13,rs16891982,C,rs16891982_C
hirisplexs,14,rs12821256,G,rs12821256_G
hirisplexs,15,rs4959270,A,rs4959270_A
hirisplexs,16,rs12203592,T,rs12203592_T
hirisplexs,17,rs1042602,T,rs1042602_T
hirisplexs,18,rs1800407,A,rs1800407_A
hirisplexs,19,rs2402130,G,rs2402130_G
hirisplexs,20,rs12913832,T,rs12913832_T
hirisplexs,21,rs2378249,C,rs2378249_C
hirisplexs,22,rs12896399,T,rs12896399_T
hirisplexs,23,rs1393350,T,rs1393350_T
hirisplexs,24,rs683,G,rs683_G
hirisplexs,25,rs3114908,T,rs3114908_T
hirisplexs,26,rs1800414,C,rs1800414_C
hirisplexs,27,rs10756819,G,rs10756819_G
hirisplexs,28,rs2238289,C,rs2238289_C
hirisplexs,29,rs17128291,C,rs17128291_C
hirisplexs,30,rs6497292,C,rs6497292_C
hirisplexs,31,rs1129038,G,rs1129038_G
hirisplexs,32,rs1667394,C,rs1667394_C
hirisplexs,33,rs1126809,A,rs1126809_A
hirisplexs,34,rs1470608,A,rs1470608_A
hirisplexs,35,rs1426654,G,rs1426654_G
hirisplexs,36,rs6119471,C,rs6119471_C
hirisplexs,37,rs1545397,T,rs1545397_T
hirisplexs,38,rs6059655,T,rs6059655_T
hirisplexs,39,rs12441727,A,rs12441727_A
hirisplexs,40,rs3212355,A,rs3212355_A
hirisplexs,41,rs8051733,C,rs8051733_C
hirisplex,1,rs312262906,A,rs312262906_A
hirisplex,2,rs11547464,A,rs11547464_A
hirisplex,3,rs885479,T,rs885479_T
hirisplex,4,rs1805008,T,rs1805008_T
hirisplex,5,rs1805005,T,rs1805005_T
hirisplex,6,rs1805006,A,rs1805006_A
hirisplex,7,rs1805007,T,rs1805007_T
hirisplex,8,rs1805009,C,rs1805009_C
hirisplex,9,rs201326893,A,rs201326893_A
hirisplex,10,rs2228479,A,rs2228479_A
hirisplex,11,rs1110400,C,rs1110400_C
hirisplex,12,rs28777,C,rs28777_C
hirisplex,13,rs16891982,C,rs16891982_C
hirisplex,14,rs12821256,G,rs12821256_G
hirisplex,15,rs4959270,A,rs4959270_A
hirisplex,16,rs12203592,T,rs12203592_T
hirisplex,17,rs1042602,T,rs1042602_T
hirisplex,18,rs1800407,A,rs1800407_A
hirisplex,19,rs2402130,G,rs2402130_G
hirisplex,20,rs12913832,T,rs12913832_T
hirisplex,21,rs2378249,C,rs2378249_C
hirisplex,22,rs12896399,T,rs12896399_T
hirisplex,23,rs1393350,T,rs1393350_T
hirisplex,24,rs683,G,rs683_G
irisplex,1,rs12913832,T,rs12913832_T
irisplex,2,rs1800407,A,rs1800407_A
irisplex,3,rs12896399,T,rs12896399_T
irisplex,4,rs16891982,C,rs16891982_C
irisplex,5,rs1393350,T,rs1393350_T
irisplex,6,rs12203592,T,rs12203592_T
